id,title,authors,translators,subjects,bookshelves,languages,copyright,media_type,formats,download_count
1513,Romeo and Juliet,"[{'name': 'Shakespeare, William', 'birth_year': 1564, 'death_year': 1616}]",[],"['Conflict of generations -- Drama', 'Juliet (Fictitious character) -- Drama', 'Romeo (Fictitious character) -- Drama', 'Tragedies', 'Vendetta -- Drama', 'Verona (Italy) -- Drama', 'Youth -- Drama']",[],['en'],False,Text,"{'text/html': 'https://www.gutenberg.org/ebooks/1513.html.images', 'application/epub+zip': 'https://www.gutenberg.org/ebooks/1513.epub3.images', 'application/x-mobipocket-ebook': 'https://www.gutenberg.org/ebooks/1513.kf8.images', 'application/rdf+xml': 'https://www.gutenberg.org/ebooks/1513.rdf', 'image/jpeg': 'https://www.gutenberg.org/cache/epub/1513/pg1513.cover.medium.jpg', 'text/plain; charset=us-ascii': 'https://www.gutenberg.org/ebooks/1513.txt.utf-8', 'application/octet-stream': 'https://www.gutenberg.org/cache/epub/1513/pg1513-h.zip'}",77782
2701,"Moby Dick; Or, The Whale","[{'name': 'Melville, Herman', 'birth_year': 1819, 'death_year': 1891}]",[],"['Adventure stories', 'Ahab, Captain (Fictitious character) -- Fiction', 'Mentally ill -- Fiction', 'Psychological fiction', 'Sea stories', 'Ship captains -- Fiction', 'Whales -- Fiction', 'Whaling -- Fiction', 'Whaling ships -- Fiction']",['Best Books Ever Listings'],['en'],False,Text,"{'text/html': 'https://www.gutenberg.org/ebooks/2701.html.images', 'text/html; charset=utf-8': 'https://www.gutenberg.org/files/2701/2701-h/2701-h.htm', 'application/epub+zip': 'https://www.gutenberg.org/ebooks/2701.epub3.images', 'application/x-mobipocket-ebook': 'https://www.gutenberg.org/ebooks/2701.kf8.images', 'text/plain; charset=utf-8': 'https://www.gutenberg.org/files/2701/2701-0.txt', 'application/rdf+xml': 'https://www.gutenberg.org/ebooks/2701.rdf', 'image/jpeg': 'https://www.gutenberg.org/cache/epub/2701/pg2701.cover.medium.jpg', 'application/octet-stream': 'https://www.gutenberg.org/cache/epub/2701/pg2701-h.zip', 'text/plain; charset=us-ascii': 'https://www.gutenberg.org/ebooks/2701.txt.utf-8'}",71888
145,Middlemarch,"[{'name': 'Eliot, George', 'birth_year': 1819, 'death_year': 1880}]",[],"['Bildungsromans', 'City and town life -- Fiction', 'Didactic fiction', 'Domestic fiction', 'England -- Fiction', 'Love stories', 'Married people -- Fiction', 'Young women -- Fiction']","['Best Books Ever Listings', 'Historical Fiction']",['en'],False,Text,"{'text/html': 'https://www.gutenberg.org/ebooks/145.html.images', 'application/epub+zip': 'https://www.gutenberg.org/ebooks/145.epub3.images', 'application/x-mobipocket-ebook': 'https://www.gutenberg.org/ebooks/145.kf8.images', 'application/rdf+xml': 'https://www.gutenberg.org/ebooks/145.rdf', 'image/jpeg': 'https://www.gutenberg.org/cache/epub/145/pg145.cover.medium.jpg', 'text/plain; charset=us-ascii': 'https://www.gutenberg.org/ebooks/145.txt.utf-8', 'application/octet-stream': 'https://www.gutenberg.org/cache/epub/145/pg145-h.zip'}",54135
37106,"Little Women; Or, Meg, Jo, Beth, and Amy","[{'name': 'Alcott, Louisa May', 'birth_year': 1832, 'death_year': 1888}]",[],"['Autobiographical fiction', 'Bildungsromans', 'Domestic fiction', 'Family life -- New England -- Fiction', 'March family (Fictitious characters) -- Fiction', 'Mothers and daughters -- Fiction', 'New England -- Fiction', 'Sisters -- Fiction', 'Young women -- Fiction']",[],['en'],False,Text,"{'text/html': 'https://www.gutenberg.org/ebooks/37106.html.images', 'application/epub+zip': 'https://www.gutenberg.org/ebooks/37106.epub3.images', 'application/x-mobipocket-ebook': 'https://www.gutenberg.org/ebooks/37106.kf8.images', 'application/rdf+xml': 'https://www.gutenberg.org/ebooks/37106.rdf', 'image/jpeg': 'https://www.gutenberg.org/cache/epub/37106/pg37106.cover.medium.jpg', 'application/octet-stream': 'https://www.gutenberg.org/files/37106/37106-0.zip', 'text/plain; charset=us-ascii': 'https://www.gutenberg.org/ebooks/37106.txt.utf-8'}",53541
2641,A Room with a View,"[{'name': 'Forster, E. M. (Edward Morgan)', 'birth_year': 1879, 'death_year': 1970}]",[],"['British -- Italy -- Fiction', 'England -- Fiction', 'Florence (Italy) -- Fiction', 'Humorous stories', 'Young women -- Fiction']",['Italy'],['en'],False,Text,"{'text/html': 'https://www.gutenberg.org/ebooks/2641.html.images', 'application/epub+zip': 'https://www.gutenberg.org/ebooks/2641.epub3.images', 'application/x-mobipocket-ebook': 'https://www.gutenberg.org/ebooks/2641.kf8.images', 'text/plain; charset=us-ascii': 'https://www.gutenberg.org/ebooks/2641.txt.utf-8', 'application/rdf+xml': 'https://www.gutenberg.org/ebooks/2641.rdf', 'image/jpeg': 'https://www.gutenberg.org/cache/epub/2641/pg2641.cover.medium.jpg', 'application/octet-stream': 'https://www.gutenberg.org/cache/epub/2641/pg2641-h.zip'}",53431
100,The Complete Works of William Shakespeare,"[{'name': 'Shakespeare, William', 'birth_year': 1564, 'death_year': 1616}]",[],"['English drama -- Early modern and Elizabethan, 1500-1600']",['Plays'],['en'],False,Text,"{'text/html': 'https://www.gutenberg.org/ebooks/100.html.images', 'application/epub+zip': 'https://www.gutenberg.org/ebooks/100.epub3.images', 'application/x-mobipocket-ebook': 'https://www.gutenberg.org/ebooks/100.kf8.images', 'text/plain; charset=us-ascii': 'https://www.gutenberg.org/ebooks/100.txt.utf-8', 'application/rdf+xml': 'https://www.gutenberg.org/ebooks/100.rdf', 'image/jpeg': 'https://www.gutenberg.org/cache/epub/100/pg100.cover.medium.jpg', 'application/octet-stream': 'https://www.gutenberg.org/cache/epub/100/pg100-h.zip'}",52348
1342,Pride and Prejudice,"[{'name': 'Austen, Jane', 'birth_year': 1775, 'death_year': 1817}]",[],"['Courtship -- Fiction', 'Domestic fiction', 'England -- Fiction', 'Love stories', 'Sisters -- Fiction', 'Social classes -- Fiction', 'Young women -- Fiction']","['Best Books Ever Listings', 'Harvard Classics']",['en'],False,Text,"{'text/html': 'https://www.gutenberg.org/ebooks/1342.html.images', 'application/epub+zip': 'https://www.gutenberg.org/ebooks/1342.epub3.images', 'application/x-mobipocket-ebook': 'https://www.gutenberg.org/ebooks/1342.kf8.images', 'application/rdf+xml': 'https://www.gutenberg.org/ebooks/1342.rdf', 'image/jpeg': 'https://www.gutenberg.org/cache/epub/1342/pg1342.cover.medium.jpg', 'text/plain; charset=us-ascii': 'https://www.gutenberg.org/ebooks/1342.txt.utf-8', 'application/octet-stream': 'https://www.gutenberg.org/cache/epub/1342/pg1342-h.zip'}",51755
16389,The Enchanted April,"[{'name': 'Von Arnim, Elizabeth', 'birth_year': 1866, 'death_year': 1941}]",[],"['British -- Italy -- Fiction', 'Domestic fiction', 'Female friendship -- Fiction', 'Italy -- Fiction', 'Love stories']","['Bestsellers, American, 1895-1923']",['en'],False,Text,"{'text/html': 'https://www.gutenberg.org/ebooks/16389.html.images', 'application/epub+zip': 'https://www.gutenberg.org/ebooks/16389.epub3.images', 'application/x-mobipocket-ebook': 'https://www.gutenberg.org/ebooks/16389.kf8.images', 'text/plain; charset=us-ascii': 'https://www.gutenberg.org/ebooks/16389.txt.utf-8', 'application/rdf+xml': 'https://www.gutenberg.org/ebooks/16389.rdf', 'image/jpeg': 'https://www.gutenberg.org/cache/epub/16389/pg16389.cover.medium.jpg', 'application/octet-stream': 'https://www.gutenberg.org/files/16389/16389-0.zip'}",48911
67979,The Blue Castle: a novel,"[{'name': 'Montgomery, L. M. (Lucy Maud)', 'birth_year': 1874, 'death_year': 1942}]",[],"['Canada -- History -- 1914-1945 -- Fiction', 'Choice -- Fiction', 'Love -- Fiction', 'Romance fiction', 'Self-actualization (Psychology) -- Fiction', 'Single women -- Fiction', 'Young adult fiction']",[],['en'],False,Text,"{'text/html': 'https://www.gutenberg.org/ebooks/67979.html.images', 'application/epub+zip': 'https://www.gutenberg.org/ebooks/67979.epub3.images', 'application/x-mobipocket-ebook': 'https://www.gutenberg.org/ebooks/67979.kf8.images', 'application/rdf+xml': 'https://www.gutenberg.org/ebooks/67979.rdf', 'image/jpeg': 'https://www.gutenberg.org/cache/epub/67979/pg67979.cover.medium.jpg', 'application/octet-stream': 'https://www.gutenberg.org/files/67979/67979-0.zip', 'text/plain; charset=us-ascii': 'https://www.gutenberg.org/ebooks/67979.txt.utf-8'}",45231
6761,The Adventures of Ferdinand Count Fathom — Complete,"[{'name': 'Smollett, T. (Tobias)', 'birth_year': 1721, 'death_year': 1771}]",[],"['Adventure stories', 'Gothic fiction']",['Best Books Ever Listings'],['en'],False,Text,"{'text/html': 'https://www.gutenberg.org/ebooks/6761.html.images', 'application/epub+zip': 'https://www.gutenberg.org/ebooks/6761.epub3.images', 'application/x-mobipocket-ebook': 'https://www.gutenberg.org/ebooks/6761.kf8.images', 'application/rdf+xml': 'https://www.gutenberg.org/ebooks/6761.rdf', 'image/jpeg': 'https://www.gutenberg.org/cache/epub/6761/pg6761.cover.medium.jpg', 'application/octet-stream': 'https://www.gutenberg.org/files/6761/6761-0.zip', 'text/plain; charset=us-ascii': 'https://www.gutenberg.org/ebooks/6761.txt.utf-8'}",44612
394,Cranford,"[{'name': 'Gaskell, Elizabeth Cleghorn', 'birth_year': 1810, 'death_year': 1865}]",[],"['England -- Fiction', 'Female friendship -- Fiction', 'Older women -- Fiction', 'Pastoral fiction', 'Sisters -- Fiction', 'Villages -- Fiction']",[],['en'],False,Text,"{'text/html': 'https://www.gutenberg.org/ebooks/394.html.images', 'application/epub+zip': 'https://www.gutenberg.org/ebooks/394.epub3.images', 'application/x-mobipocket-ebook': 'https://www.gutenberg.org/ebooks/394.kf8.images', 'application/rdf+xml': 'https://www.gutenberg.org/ebooks/394.rdf', 'image/jpeg': 'https://www.gutenberg.org/cache/epub/394/pg394.cover.medium.jpg', 'application/octet-stream': 'https://www.gutenberg.org/files/394/394-0.zip', 'text/plain; charset=us-ascii': 'https://www.gutenberg.org/ebooks/394.txt.utf-8'}",43699
6593,"History of Tom Jones, a Foundling","[{'name': 'Fielding, Henry', 'birth_year': 1707, 'death_year': 1754}]",[],"['Bildungsromans', 'England -- Fiction', 'Foundlings -- Fiction', 'Humorous stories', 'Identity (Psychology) -- Fiction', 'Young men -- Fiction']","[""Banned Books from Anne Haight's list"", 'Best Books Ever Listings', 'Harvard Classics', 'Movie Books']",['en'],False,Text,"{'text/html': 'https://www.gutenberg.org/ebooks/6593.html.images', 'text/html; charset=utf-8': 'https://www.gutenberg.org/files/6593/6593-h/6593-h.htm', 'application/epub+zip': 'https://www.gutenberg.org/ebooks/6593.epub3.images', 'application/x-mobipocket-ebook': 'https://www.gutenberg.org/ebooks/6593.kf8.images', 'text/plain; charset=utf-8': 'https://www.gutenberg.org/files/6593/6593-0.txt', 'text/plain; charset=iso-8859-1': 'https://www.gutenberg.org/files/6593/6593-8.txt', 'application/rdf+xml': 'https://www.gutenberg.org/ebooks/6593.rdf', 'image/jpeg': 'https://www.gutenberg.org/cache/epub/6593/pg6593.cover.medium.jpg', 'application/octet-stream': 'https://www.gutenberg.org/cache/epub/6593/pg6593-h.zip', 'text/plain; charset=us-ascii': 'https://www.gutenberg.org/ebooks/6593.txt.utf-8'}",43168
4085,The Adventures of Roderick Random,"[{'name': 'Smollett, T. (Tobias)', 'birth_year': 1721, 'death_year': 1771}]",[],"['England -- Fiction', 'Impressment -- Fiction', 'Picaresque literature', 'Rogues and vagabonds -- Fiction', 'Sailors -- Fiction', 'Scots -- England -- Fiction', 'Sea stories', 'Warships -- Fiction']","['Best Books Ever Listings', 'Historical Fiction']",['en'],False,Text,"{'text/html': 'https://www.gutenberg.org/ebooks/4085.html.images', 'text/html; charset=utf-8': 'https://www.gutenberg.org/files/4085/4085-h/4085-h.htm', 'application/epub+zip': 'https://www.gutenberg.org/ebooks/4085.epub3.images', 'application/x-mobipocket-ebook': 'https://www.gutenberg.org/ebooks/4085.kf8.images', 'text/plain; charset=utf-8': 'https://www.gutenberg.org/files/4085/4085-0.txt', 'application/rdf+xml': 'https://www.gutenberg.org/ebooks/4085.rdf', 'image/jpeg': 'https://www.gutenberg.org/cache/epub/4085/pg4085.cover.medium.jpg', 'application/octet-stream': 'https://www.gutenberg.org/cache/epub/4085/pg4085-h.zip', 'text/plain; charset=us-ascii': 'https://www.gutenberg.org/ebooks/4085.txt.utf-8'}",43089
2160,The Expedition of Humphry Clinker,"[{'name': 'Smollett, T. (Tobias)', 'birth_year': 1721, 'death_year': 1771}]",[],"['Epistolary fiction', 'Great Britain -- Fiction', 'Travelers -- Fiction']","['Best Books Ever Listings', 'Historical Fiction']",['en'],False,Text,"{'text/html': 'https://www.gutenberg.org/ebooks/2160.html.images', 'text/html; charset=utf-8': 'https://www.gutenberg.org/files/2160/2160-h/2160-h.htm', 'application/epub+zip': 'https://www.gutenberg.org/ebooks/2160.epub3.images', 'application/x-mobipocket-ebook': 'https://www.gutenberg.org/ebooks/2160.kf8.images', 'text/plain; charset=utf-8': 'https://www.gutenberg.org/files/2160/2160-0.txt', 'application/rdf+xml': 'https://www.gutenberg.org/ebooks/2160.rdf', 'image/jpeg': 'https://www.gutenberg.org/cache/epub/2160/pg2160.cover.medium.jpg', 'application/octet-stream': 'https://www.gutenberg.org/cache/epub/2160/pg2160-h.zip', 'text/plain; charset=us-ascii': 'https://www.gutenberg.org/ebooks/2160.txt.utf-8'}",42964
1259,Twenty years after,"[{'name': 'Dumas, Alexandre', 'birth_year': 1802, 'death_year': 1870}, {'name': 'Maquet, Auguste', 'birth_year': 1813, 'death_year': 1888}]",[],"['France -- History -- Louis XIV, 1643-1715 -- Fiction']","['Adventure', 'Historical Fiction', 'Movie Books']",['en'],False,Text,"{'text/html': 'https://www.gutenberg.org/ebooks/1259.html.images', 'application/epub+zip': 'https://www.gutenberg.org/ebooks/1259.epub3.images', 'application/x-mobipocket-ebook': 'https://www.gutenberg.org/ebooks/1259.kf8.images', 'application/rdf+xml': 'https://www.gutenberg.org/ebooks/1259.rdf', 'image/jpeg': 'https://www.gutenberg.org/cache/epub/1259/pg1259.cover.medium.jpg', 'application/octet-stream': 'https://www.gutenberg.org/files/1259/1259-0.zip', 'text/plain; charset=us-ascii': 'https://www.gutenberg.org/ebooks/1259.txt.utf-8'}",41906
5197,My Life — Volume 1,"[{'name': 'Wagner, Richard', 'birth_year': 1813, 'death_year': 1883}]",[],"['Composers -- Germany -- Biography', 'Wagner, Richard, 1813-1883']",[],['en'],False,Text,"{'text/html': 'https://www.gutenberg.org/ebooks/5197.html.images', 'application/epub+zip': 'https://www.gutenberg.org/ebooks/5197.epub3.images', 'application/x-mobipocket-ebook': 'https://www.gutenberg.org/ebooks/5197.kf8.images', 'application/rdf+xml': 'https://www.gutenberg.org/ebooks/5197.rdf', 'image/jpeg': 'https://www.gutenberg.org/cache/epub/5197/pg5197.cover.medium.jpg', 'application/octet-stream': 'https://www.gutenberg.org/files/5197/5197-0.zip', 'text/plain; charset=us-ascii': 'https://www.gutenberg.org/ebooks/5197.txt.utf-8'}",41674
11,Alice's Adventures in Wonderland,"[{'name': 'Carroll, Lewis', 'birth_year': 1832, 'death_year': 1898}]",[],"['Alice (Fictitious character from Carroll) -- Juvenile fiction', ""Children's stories"", 'Fantasy fiction', 'Imaginary places -- Juvenile fiction']","[""Children's Literature""]",['en'],False,Text,"{'text/html': 'https://www.gutenberg.org/ebooks/11.html.images', 'application/epub+zip': 'https://www.gutenberg.org/ebooks/11.epub3.images', 'application/x-mobipocket-ebook': 'https://www.gutenberg.org/ebooks/11.kf8.images', 'application/rdf+xml': 'https://www.gutenberg.org/ebooks/11.rdf', 'image/jpeg': 'https://www.gutenberg.org/cache/epub/11/pg11.cover.medium.jpg', 'text/plain; charset=us-ascii': 'https://www.gutenberg.org/ebooks/11.txt.utf-8', 'application/octet-stream': 'https://www.gutenberg.org/cache/epub/11/pg11-h.zip'}",37443
84,"Frankenstein; Or, The Modern Prometheus","[{'name': 'Shelley, Mary Wollstonecraft', 'birth_year': 1797, 'death_year': 1851}]",[],"[""Frankenstein's monster (Fictitious character) -- Fiction"", 'Frankenstein, Victor (Fictitious character) -- Fiction', 'Gothic fiction', 'Horror tales', 'Monsters -- Fiction', 'Science fiction', 'Scientists -- Fiction']","['Gothic Fiction', 'Movie Books', 'Precursors of Science Fiction', 'Science Fiction by Women']",['en'],False,Text,"{'text/html': 'https://www.gutenberg.org/ebooks/84.html.images', 'application/epub+zip': 'https://www.gutenberg.org/ebooks/84.epub3.images', 'application/x-mobipocket-ebook': 'https://www.gutenberg.org/ebooks/84.kf8.images', 'application/rdf+xml': 'https://www.gutenberg.org/ebooks/84.rdf', 'image/jpeg': 'https://www.gutenberg.org/cache/epub/84/pg84.cover.medium.jpg', 'text/plain; charset=us-ascii': 'https://www.gutenberg.org/ebooks/84.txt.utf-8', 'application/octet-stream': 'https://www.gutenberg.org/cache/epub/84/pg84-h.zip'}",33505
5200,Metamorphosis,"[{'name': 'Kafka, Franz', 'birth_year': 1883, 'death_year': 1924}]","[{'name': 'Wyllie, David (Translator)', 'birth_year': None, 'death_year': None}]","['Metamorphosis -- Fiction', 'Psychological fiction']",['Horror'],['en'],True,Text,"{'text/html': 'https://www.gutenberg.org/ebooks/5200.html.images', 'text/html; charset=iso-8859-1': 'https://www.gutenberg.org/files/5200/5200-h/5200-h.htm', 'application/epub+zip': 'https://www.gutenberg.org/ebooks/5200.epub3.images', 'application/x-mobipocket-ebook': 'https://www.gutenberg.org/ebooks/5200.kf8.images', 'text/plain; charset=utf-8': 'https://www.gutenberg.org/files/5200/5200-0.txt', 'application/rdf+xml': 'https://www.gutenberg.org/ebooks/5200.rdf', 'image/jpeg': 'https://www.gutenberg.org/cache/epub/5200/pg5200.cover.medium.jpg', 'application/octet-stream': 'https://www.gutenberg.org/cache/epub/5200/pg5200-h.zip', 'text/plain; charset=us-ascii': 'https://www.gutenberg.org/ebooks/5200.txt.utf-8'}",20365
2554,Crime and Punishment,"[{'name': 'Dostoyevsky, Fyodor', 'birth_year': 1821, 'death_year': 1881}]","[{'name': 'Garnett, Constance', 'birth_year': 1861, 'death_year': 1946}]","['Crime -- Psychological aspects -- Fiction', 'Detective and mystery stories', 'Murder -- Fiction', 'Psychological fiction', 'Saint Petersburg (Russia) -- Fiction']","['Best Books Ever Listings', 'Crime Fiction', 'Harvard Classics']",['en'],False,Text,"{'text/html': 'https://www.gutenberg.org/ebooks/2554.html.images', 'text/html; charset=utf-8': 'https://www.gutenberg.org/files/2554/2554-h/2554-h.htm', 'application/epub+zip': 'https://www.gutenberg.org/ebooks/2554.epub3.images', 'application/x-mobipocket-ebook': 'https://www.gutenberg.org/ebooks/2554.kf8.images', 'text/plain; charset=utf-8': 'https://www.gutenberg.org/files/2554/2554-0.txt', 'application/rdf+xml': 'https://www.gutenberg.org/ebooks/2554.rdf', 'image/jpeg': 'https://www.gutenberg.org/cache/epub/2554/pg2554.cover.medium.jpg', 'application/octet-stream': 'https://www.gutenberg.org/cache/epub/2554/pg2554-h.zip', 'text/plain; charset=us-ascii': 'https://www.gutenberg.org/ebooks/2554.txt.utf-8'}",20166
345,Dracula,"[{'name': 'Stoker, Bram', 'birth_year': 1847, 'death_year': 1912}]",[],"['Dracula, Count (Fictitious character) -- Fiction', 'Epistolary fiction', 'Gothic fiction', 'Horror tales', 'Transylvania (Romania) -- Fiction', 'Vampires -- Fiction', 'Whitby (England) -- Fiction']","['Gothic Fiction', 'Horror', 'Movie Books', 'Mystery Fiction']",['en'],False,Text,"{'text/html': 'https://www.gutenberg.org/ebooks/345.html.images', 'application/epub+zip': 'https://www.gutenberg.org/ebooks/345.epub3.images', 'application/x-mobipocket-ebook': 'https://www.gutenberg.org/ebooks/345.kf8.images', 'text/plain; charset=us-ascii': 'https://www.gutenberg.org/ebooks/345.txt.utf-8', 'application/rdf+xml': 'https://www.gutenberg.org/ebooks/345.rdf', 'image/jpeg': 'https://www.gutenberg.org/cache/epub/345/pg345.cover.medium.jpg', 'application/octet-stream': 'https://www.gutenberg.org/cache/epub/345/pg345-h.zip'}",19657
174,The Picture of Dorian Gray,"[{'name': 'Wilde, Oscar', 'birth_year': 1854, 'death_year': 1900}]",[],"['Appearance (Philosophy) -- Fiction', 'Conduct of life -- Fiction', 'Didactic fiction', 'Great Britain -- History -- Victoria, 1837-1901 -- Fiction', 'London (England) -- History -- 1800-1950 -- Fiction', 'Paranormal fiction', 'Portraits -- Fiction', 'Supernatural -- Fiction']","['Gothic Fiction', 'Movie Books']",['en'],False,Text,"{'text/html': 'https://www.gutenberg.org/ebooks/174.html.images', 'application/epub+zip': 'https://www.gutenberg.org/ebooks/174.epub3.images', 'application/x-mobipocket-ebook': 'https://www.gutenberg.org/ebooks/174.kf8.images', 'application/rdf+xml': 'https://www.gutenberg.org/ebooks/174.rdf', 'image/jpeg': 'https://www.gutenberg.org/cache/epub/174/pg174.cover.medium.jpg', 'application/octet-stream': 'https://www.gutenberg.org/files/174/174-0.zip', 'text/plain; charset=us-ascii': 'https://www.gutenberg.org/ebooks/174.txt.utf-8'}",19378
64317,The Great Gatsby,"[{'name': 'Fitzgerald, F. Scott (Francis Scott)', 'birth_year': 1896, 'death_year': 1940}]",[],"['First loves -- Fiction', 'Long Island (N.Y.) -- Fiction', 'Married women -- Fiction', 'Psychological fiction', 'Rich people -- Fiction']",[],['en'],False,Text,"{'text/plain; charset=us-ascii': 'https://www.gutenberg.org/ebooks/64317.txt.utf-8', 'text/html': 'https://www.gutenberg.org/ebooks/64317.html.images', 'application/epub+zip': 'https://www.gutenberg.org/ebooks/64317.epub3.images', 'application/x-mobipocket-ebook': 'https://www.gutenberg.org/ebooks/64317.kf8.images', 'application/rdf+xml': 'https://www.gutenberg.org/ebooks/64317.rdf', 'image/jpeg': 'https://www.gutenberg.org/cache/epub/64317/pg64317.cover.medium.jpg', 'application/octet-stream': 'https://www.gutenberg.org/cache/epub/64317/pg64317-h.zip'}",18444
98,A Tale of Two Cities,"[{'name': 'Dickens, Charles', 'birth_year': 1812, 'death_year': 1870}]",[],"['British -- France -- Paris -- Fiction', 'Executions and executioners -- Fiction', 'France -- History -- Revolution, 1789-1799 -- Fiction', 'French -- England -- London -- Fiction', 'Historical fiction', 'London (England) -- History -- 18th century -- Fiction', 'Lookalikes -- Fiction', 'Paris (France) -- History -- 1789-1799 -- Fiction', 'War stories']",['Historical Fiction'],['en'],False,Text,"{'text/html': 'https://www.gutenberg.org/ebooks/98.html.images', 'text/html; charset=utf-8': 'https://www.gutenberg.org/files/98/98-h/98-h.htm', 'application/epub+zip': 'https://www.gutenberg.org/ebooks/98.epub3.images', 'application/x-mobipocket-ebook': 'https://www.gutenberg.org/ebooks/98.kf8.images', 'text/plain; charset=utf-8': 'https://www.gutenberg.org/files/98/98-0.txt', 'application/rdf+xml': 'https://www.gutenberg.org/ebooks/98.rdf', 'image/jpeg': 'https://www.gutenberg.org/cache/epub/98/pg98.cover.medium.jpg', 'application/octet-stream': 'https://www.gutenberg.org/cache/epub/98/pg98-h.zip', 'text/plain; charset=us-ascii': 'https://www.gutenberg.org/ebooks/98.txt.utf-8'}",17514
2000,Don Quijote,"[{'name': 'Cervantes Saavedra, Miguel de', 'birth_year': 1547, 'death_year': 1616}]",[],"['Knights and knighthood -- Spain -- Fiction', 'Picaresque literature', 'Romances', 'Spain -- Social life and customs -- 16th century -- Fiction']","['6 Best Loved Spanish Literary Classics', 'Best Books Ever Listings', 'Harvard Classics']",['es'],False,Text,"{'text/html': 'https://www.gutenberg.org/ebooks/2000.html.images', 'text/html; charset=utf-8': 'https://www.gutenberg.org/files/2000/2000-h/2000-h.htm', 'application/epub+zip': 'https://www.gutenberg.org/ebooks/2000.epub3.images', 'application/x-mobipocket-ebook': 'https://www.gutenberg.org/ebooks/2000.kf8.images', 'text/plain; charset=utf-8': 'https://www.gutenberg.org/files/2000/2000-0.txt', 'application/rdf+xml': 'https://www.gutenberg.org/ebooks/2000.rdf', 'image/jpeg': 'https://www.gutenberg.org/cache/epub/2000/pg2000.cover.medium.jpg', 'application/octet-stream': 'https://www.gutenberg.org/cache/epub/2000/pg2000-h.zip', 'text/plain; charset=us-ascii': 'https://www.gutenberg.org/ebooks/2000.txt.utf-8'}",16728
28054,The Brothers Karamazov,"[{'name': 'Dostoyevsky, Fyodor', 'birth_year': 1821, 'death_year': 1881}]","[{'name': 'Garnett, Constance', 'birth_year': 1861, 'death_year': 1946}]","['Brothers -- Fiction', 'Didactic fiction', 'Fathers and sons -- Fiction', 'Russia -- Social life and customs -- 1533-1917 -- Fiction']",['Best Books Ever Listings'],['en'],False,Text,"{'text/html': 'https://www.gutenberg.org/ebooks/28054.html.images', 'application/epub+zip': 'https://www.gutenberg.org/ebooks/28054.epub3.images', 'application/x-mobipocket-ebook': 'https://www.gutenberg.org/ebooks/28054.kf8.images', 'text/plain; charset=us-ascii': 'https://www.gutenberg.org/ebooks/28054.txt.utf-8', 'application/rdf+xml': 'https://www.gutenberg.org/ebooks/28054.rdf', 'image/jpeg': 'https://www.gutenberg.org/cache/epub/28054/pg28054.cover.medium.jpg', 'application/octet-stream': 'https://www.gutenberg.org/files/28054/28054-0.zip'}",16517
4300,Ulysses,"[{'name': 'Joyce, James', 'birth_year': 1882, 'death_year': 1941}]",[],"['Alienation (Social psychology) -- Fiction', 'Artists -- Fiction', 'City and town life -- Fiction', 'Domestic fiction', 'Dublin (Ireland) -- Fiction', 'Epic literature', 'Jewish men -- Fiction', 'Male friendship -- Fiction', 'Married people -- Fiction', 'Psychological fiction']","['Banned Books List from the American Library Association', ""Banned Books from Anne Haight's list"", 'Best Books Ever Listings', 'Erotic Fiction']",['en'],False,Text,"{'text/html': 'https://www.gutenberg.org/ebooks/4300.html.images', 'text/html; charset=utf-8': 'https://www.gutenberg.org/files/4300/4300-h/4300-h.htm', 'application/epub+zip': 'https://www.gutenberg.org/ebooks/4300.epub3.images', 'application/x-mobipocket-ebook': 'https://www.gutenberg.org/ebooks/4300.kf8.images', 'text/plain; charset=utf-8': 'https://www.gutenberg.org/files/4300/4300-0.txt', 'application/rdf+xml': 'https://www.gutenberg.org/ebooks/4300.rdf', 'image/jpeg': 'https://www.gutenberg.org/cache/epub/4300/pg4300.cover.medium.jpg', 'application/octet-stream': 'https://www.gutenberg.org/cache/epub/4300/pg4300-h.zip', 'text/plain; charset=us-ascii': 'https://www.gutenberg.org/ebooks/4300.txt.utf-8'}",16039
1661,The Adventures of Sherlock Holmes,"[{'name': 'Doyle, Arthur Conan', 'birth_year': 1859, 'death_year': 1930}]",[],"['Detective and mystery stories, English', 'Holmes, Sherlock (Fictitious character) -- Fiction', 'Private investigators -- England -- Fiction']","[""Banned Books from Anne Haight's list"", 'Contemporary Reviews', 'Detective Fiction']",['en'],False,Text,"{'text/html': 'https://www.gutenberg.org/ebooks/1661.html.images', 'application/epub+zip': 'https://www.gutenberg.org/ebooks/1661.epub3.images', 'application/x-mobipocket-ebook': 'https://www.gutenberg.org/ebooks/1661.kf8.images', 'text/plain; charset=us-ascii': 'https://www.gutenberg.org/ebooks/1661.txt.utf-8', 'application/rdf+xml': 'https://www.gutenberg.org/ebooks/1661.rdf', 'image/jpeg': 'https://www.gutenberg.org/cache/epub/1661/pg1661.cover.medium.jpg', 'application/octet-stream': 'https://www.gutenberg.org/cache/epub/1661/pg1661-h.zip'}",15944
2542,A Doll's House : a play,"[{'name': 'Ibsen, Henrik', 'birth_year': 1828, 'death_year': 1906}]",[],"['Man-woman relationships -- Drama', 'Marriage -- Drama', 'Norwegian drama -- Translations into English', 'Wives -- Drama']",['Best Books Ever Listings'],['en'],False,Text,"{'text/html': 'https://www.gutenberg.org/ebooks/2542.html.images', 'application/epub+zip': 'https://www.gutenberg.org/ebooks/2542.epub3.images', 'application/x-mobipocket-ebook': 'https://www.gutenberg.org/ebooks/2542.kf8.images', 'application/rdf+xml': 'https://www.gutenberg.org/ebooks/2542.rdf', 'image/jpeg': 'https://www.gutenberg.org/cache/epub/2542/pg2542.cover.medium.jpg', 'application/octet-stream': 'https://www.gutenberg.org/files/2542/2542-0.zip', 'text/plain; charset=us-ascii': 'https://www.gutenberg.org/ebooks/2542.txt.utf-8'}",14039
76,Adventures of Huckleberry Finn,"[{'name': 'Twain, Mark', 'birth_year': 1835, 'death_year': 1910}]",[],"['Adventure stories', 'Bildungsromans', 'Boys -- Fiction', 'Finn, Huckleberry (Fictitious character) -- Fiction', 'Fugitive slaves -- Fiction', 'Humorous stories', 'Male friendship -- Fiction', 'Mississippi River -- Fiction', 'Missouri -- Fiction', 'Race relations -- Fiction', 'Runaway children -- Fiction']","['Banned Books List from the American Library Association', ""Banned Books from Anne Haight's list"", 'Best Books Ever Listings']",['en'],False,Text,"{'text/html': 'https://www.gutenberg.org/ebooks/76.html.images', 'application/epub+zip': 'https://www.gutenberg.org/ebooks/76.epub3.images', 'application/x-mobipocket-ebook': 'https://www.gutenberg.org/ebooks/76.kf8.images', 'text/plain; charset=us-ascii': 'https://www.gutenberg.org/ebooks/76.txt.utf-8', 'application/rdf+xml': 'https://www.gutenberg.org/ebooks/76.rdf', 'image/jpeg': 'https://www.gutenberg.org/cache/epub/76/pg76.cover.medium.jpg', 'application/octet-stream': 'https://www.gutenberg.org/cache/epub/76/pg76-h.zip'}",13945
1952,The Yellow Wallpaper,"[{'name': 'Gilman, Charlotte Perkins', 'birth_year': 1860, 'death_year': 1935}]",[],"['Feminist fiction', 'Married women -- Psychology -- Fiction', 'Mentally ill women -- Fiction', 'Psychological fiction', 'Sex role -- Fiction']",['Gothic Fiction'],['en'],False,Text,"{'text/html': 'https://www.gutenberg.org/ebooks/1952.html.images', 'text/html; charset=utf-8': 'https://www.gutenberg.org/files/1952/1952-h/1952-h.htm', 'application/epub+zip': 'https://www.gutenberg.org/ebooks/1952.epub3.images', 'application/x-mobipocket-ebook': 'https://www.gutenberg.org/ebooks/1952.kf8.images', 'text/plain; charset=utf-8': 'https://www.gutenberg.org/files/1952/1952-0.txt', 'application/rdf+xml': 'https://www.gutenberg.org/ebooks/1952.rdf', 'image/jpeg': 'https://www.gutenberg.org/cache/epub/1952/pg1952.cover.medium.jpg', 'application/octet-stream': 'https://www.gutenberg.org/cache/epub/1952/pg1952-h.zip', 'text/plain; charset=us-ascii': 'https://www.gutenberg.org/ebooks/1952.txt.utf-8'}",12990
1400,Great Expectations,"[{'name': 'Dickens, Charles', 'birth_year': 1812, 'death_year': 1870}]",[],"['Benefactors -- Fiction', 'Bildungsromans', 'England -- Fiction', 'Ex-convicts -- Fiction', 'Man-woman relationships -- Fiction', 'Orphans -- Fiction', 'Revenge -- Fiction', 'Young men -- Fiction']",['Best Books Ever Listings'],['en'],False,Text,"{'text/html': 'https://www.gutenberg.org/ebooks/1400.html.images', 'application/epub+zip': 'https://www.gutenberg.org/ebooks/1400.epub3.images', 'application/x-mobipocket-ebook': 'https://www.gutenberg.org/ebooks/1400.kf8.images', 'text/plain; charset=us-ascii': 'https://www.gutenberg.org/ebooks/1400.txt.utf-8', 'application/rdf+xml': 'https://www.gutenberg.org/ebooks/1400.rdf', 'image/jpeg': 'https://www.gutenberg.org/cache/epub/1400/pg1400.cover.medium.jpg', 'application/octet-stream': 'https://www.gutenberg.org/cache/epub/1400/pg1400-h.zip'}",12580
844,The Importance of Being Earnest: A Trivial Comedy for Serious People,"[{'name': 'Wilde, Oscar', 'birth_year': 1854, 'death_year': 1900}]",[],"['Comedies', 'England -- Drama', 'Foundlings -- Drama', 'Identity (Psychology) -- Drama']",['Plays'],['en'],False,Text,"{'text/html': 'https://www.gutenberg.org/ebooks/844.html.images', 'application/epub+zip': 'https://www.gutenberg.org/ebooks/844.epub3.images', 'application/x-mobipocket-ebook': 'https://www.gutenberg.org/ebooks/844.kf8.images', 'text/plain; charset=utf-8': 'https://www.gutenberg.org/files/844/844-0.txt', 'application/rdf+xml': 'https://www.gutenberg.org/ebooks/844.rdf', 'image/jpeg': 'https://www.gutenberg.org/cache/epub/844/pg844.cover.medium.jpg', 'application/octet-stream': 'https://www.gutenberg.org/cache/epub/844/pg844-h.zip', 'text/plain; charset=us-ascii': 'https://www.gutenberg.org/ebooks/844.txt.utf-8'}",12526
2600,War and Peace,"[{'name': 'Tolstoy, Leo, graf', 'birth_year': 1828, 'death_year': 1910}]","[{'name': 'Maude, Aylmer', 'birth_year': 1858, 'death_year': 1938}, {'name': 'Maude, Louise', 'birth_year': 1855, 'death_year': 1939}]","['Aristocracy (Social class) -- Russia -- Fiction', 'Historical fiction', 'Napoleonic Wars, 1800-1815 -- Campaigns -- Russia -- Fiction', 'Russia -- History -- Alexander I, 1801-1825 -- Fiction', 'War stories']","['Best Books Ever Listings', 'Historical Fiction', 'Movie Books', 'Napoleonic(Bookshelf)', 'Opera']",['en'],False,Text,"{'text/html': 'https://www.gutenberg.org/ebooks/2600.html.images', 'application/epub+zip': 'https://www.gutenberg.org/ebooks/2600.epub3.images', 'application/x-mobipocket-ebook': 'https://www.gutenberg.org/ebooks/2600.kf8.images', 'application/rdf+xml': 'https://www.gutenberg.org/ebooks/2600.rdf', 'image/jpeg': 'https://www.gutenberg.org/cache/epub/2600/pg2600.cover.medium.jpg', 'application/octet-stream': 'https://www.gutenberg.org/files/2600/2600-0.zip', 'text/plain; charset=us-ascii': 'https://www.gutenberg.org/ebooks/2600.txt.utf-8'}",12302
30254,The Romance of Lust: A classic Victorian erotic novel,"[{'name': 'Anonymous', 'birth_year': None, 'death_year': None}]",[],"['Corporal punishment -- Fiction', 'Erotic stories', 'Incest -- Fiction', 'Pornography', 'Rape -- Fiction', 'Sexual dominance and submission -- Fiction']",[],['en'],False,Text,"{'text/html': 'https://www.gutenberg.org/ebooks/30254.html.images', 'text/html; charset=utf-8': 'https://www.gutenberg.org/files/30254/30254-h/30254-h.htm', 'application/epub+zip': 'https://www.gutenberg.org/ebooks/30254.epub3.images', 'application/x-mobipocket-ebook': 'https://www.gutenberg.org/ebooks/30254.kf8.images', 'text/plain; charset=us-ascii': 'https://www.gutenberg.org/ebooks/30254.txt.utf-8', 'text/plain; charset=utf-8': 'https://www.gutenberg.org/files/30254/30254-0.txt', 'application/rdf+xml': 'https://www.gutenberg.org/ebooks/30254.rdf', 'image/jpeg': 'https://www.gutenberg.org/cache/epub/30254/pg30254.cover.medium.jpg', 'application/octet-stream': 'https://www.gutenberg.org/cache/epub/30254/pg30254-h.zip'}",12300
2591,Grimms' Fairy Tales,"[{'name': 'Grimm, Jacob', 'birth_year': 1785, 'death_year': 1863}, {'name': 'Grimm, Wilhelm', 'birth_year': 1786, 'death_year': 1859}]",[],['Fairy tales -- Germany'],[],['en'],False,Text,"{'text/html': 'https://www.gutenberg.org/ebooks/2591.html.images', 'text/html; charset=utf-8': 'https://www.gutenberg.org/files/2591/2591-h/2591-h.htm', 'application/epub+zip': 'https://www.gutenberg.org/ebooks/2591.epub3.images', 'application/x-mobipocket-ebook': 'https://www.gutenberg.org/ebooks/2591.kf8.images', 'text/plain; charset=utf-8': 'https://www.gutenberg.org/files/2591/2591-0.txt', 'application/rdf+xml': 'https://www.gutenberg.org/ebooks/2591.rdf', 'image/jpeg': 'https://www.gutenberg.org/cache/epub/2591/pg2591.cover.medium.jpg', 'application/octet-stream': 'https://www.gutenberg.org/cache/epub/2591/pg2591-h.zip', 'text/plain; charset=us-ascii': 'https://www.gutenberg.org/ebooks/2591.txt.utf-8'}",11977
43,The Strange Case of Dr. Jekyll and Mr. Hyde,"[{'name': 'Stevenson, Robert Louis', 'birth_year': 1850, 'death_year': 1894}]",[],"['Horror tales', 'London (England) -- Fiction', 'Multiple personality -- Fiction', 'Physicians -- Fiction', 'Psychological fiction', 'Science fiction', 'Self-experimentation in medicine -- Fiction']","['Horror', 'Movie Books', 'Precursors of Science Fiction']",['en'],False,Text,"{'text/html': 'https://www.gutenberg.org/ebooks/43.html.images', 'application/epub+zip': 'https://www.gutenberg.org/ebooks/43.epub3.images', 'application/x-mobipocket-ebook': 'https://www.gutenberg.org/ebooks/43.kf8.images', 'application/rdf+xml': 'https://www.gutenberg.org/ebooks/43.rdf', 'image/jpeg': 'https://www.gutenberg.org/cache/epub/43/pg43.cover.medium.jpg', 'application/octet-stream': 'https://www.gutenberg.org/files/43/43-0.zip', 'text/plain; charset=us-ascii': 'https://www.gutenberg.org/ebooks/43.txt.utf-8'}",11937
1080,"A Modest Proposal: For preventing the children of poor people in Ireland, from being a burden on their parents or country, and for making them beneficial to the publick","[{'name': 'Swift, Jonathan', 'birth_year': 1667, 'death_year': 1745}]",[],"['Ireland -- Politics and government -- 18th century -- Humor', 'Political satire, English', 'Religious satire, English']",[],['en'],False,Text,"{'text/html': 'https://www.gutenberg.org/ebooks/1080.html.images', 'text/html; charset=utf-8': 'https://www.gutenberg.org/files/1080/1080-h/1080-h.htm', 'application/epub+zip': 'https://www.gutenberg.org/ebooks/1080.epub3.images', 'application/x-mobipocket-ebook': 'https://www.gutenberg.org/ebooks/1080.kf8.images', 'text/plain; charset=utf-8': 'https://www.gutenberg.org/files/1080/1080-0.txt', 'application/rdf+xml': 'https://www.gutenberg.org/ebooks/1080.rdf', 'image/jpeg': 'https://www.gutenberg.org/cache/epub/1080/pg1080.cover.medium.jpg', 'application/octet-stream': 'https://www.gutenberg.org/cache/epub/1080/pg1080-h.zip', 'text/plain; charset=us-ascii': 'https://www.gutenberg.org/ebooks/1080.txt.utf-8'}",11816
1998,Thus Spake Zarathustra: A Book for All and None,"[{'name': 'Nietzsche, Friedrich Wilhelm', 'birth_year': 1844, 'death_year': 1900}]","[{'name': 'Common, Thomas', 'birth_year': 1850, 'death_year': 1919}]","['Philosophy, German', 'Superman (Philosophical concept)']",['Philosophy'],['en'],False,Text,"{'text/html': 'https://www.gutenberg.org/ebooks/1998.html.images', 'application/epub+zip': 'https://www.gutenberg.org/ebooks/1998.epub3.images', 'application/x-mobipocket-ebook': 'https://www.gutenberg.org/ebooks/1998.kf8.images', 'application/rdf+xml': 'https://www.gutenberg.org/ebooks/1998.rdf', 'image/jpeg': 'https://www.gutenberg.org/cache/epub/1998/pg1998.cover.medium.jpg', 'application/octet-stream': 'https://www.gutenberg.org/files/1998/1998-0.zip', 'text/plain; charset=us-ascii': 'https://www.gutenberg.org/ebooks/1998.txt.utf-8'}",11764
6130,The Iliad,"[{'name': 'Homer', 'birth_year': -750, 'death_year': -650}]","[{'name': 'Pope, Alexander', 'birth_year': 1688, 'death_year': 1744}]","['Achilles (Mythological character) -- Poetry', 'Classical literature', 'Epic poetry, Greek -- Translations into English', 'Trojan War -- Poetry']",['Classical Antiquity'],['en'],False,Text,"{'text/html': 'https://www.gutenberg.org/ebooks/6130.html.images', 'application/epub+zip': 'https://www.gutenberg.org/ebooks/6130.epub3.images', 'application/x-mobipocket-ebook': 'https://www.gutenberg.org/ebooks/6130.kf8.images', 'application/rdf+xml': 'https://www.gutenberg.org/ebooks/6130.rdf', 'image/jpeg': 'https://www.gutenberg.org/cache/epub/6130/pg6130.cover.medium.jpg', 'text/plain; charset=us-ascii': 'https://www.gutenberg.org/ebooks/6130.txt.utf-8', 'application/octet-stream': 'https://www.gutenberg.org/cache/epub/6130/pg6130-h.zip'}",11614
46,A Christmas Carol in Prose; Being a Ghost Story of Christmas,"[{'name': 'Dickens, Charles', 'birth_year': 1812, 'death_year': 1870}]",[],"['Christmas stories', 'Ghost stories', 'London (England) -- Fiction', 'Misers -- Fiction', 'Poor families -- Fiction', 'Scrooge, Ebenezer (Fictitious character) -- Fiction', 'Sick children -- Fiction']","[""Children's Literature"", 'Christmas']",['en'],False,Text,"{'text/html': 'https://www.gutenberg.org/ebooks/46.html.images', 'application/epub+zip': 'https://www.gutenberg.org/ebooks/46.epub3.images', 'application/x-mobipocket-ebook': 'https://www.gutenberg.org/ebooks/46.kf8.images', 'application/rdf+xml': 'https://www.gutenberg.org/ebooks/46.rdf', 'image/jpeg': 'https://www.gutenberg.org/cache/epub/46/pg46.cover.medium.jpg', 'text/plain; charset=us-ascii': 'https://www.gutenberg.org/ebooks/46.txt.utf-8', 'application/octet-stream': 'https://www.gutenberg.org/cache/epub/46/pg46-h.zip'}",11026
27827,"The Kama Sutra of Vatsyayana: Translated From the Sanscrit in Seven Parts With Preface, Introduction and Concluding Remarks","[{'name': 'Vatsyayana', 'birth_year': None, 'death_year': None}]","[{'name': 'Bhide, Shivaram Parashuram', 'birth_year': None, 'death_year': None}, {'name': 'Burton, Richard Francis, Sir', 'birth_year': 1821, 'death_year': 1890}, {'name': 'Indrajit, Bhagavanlal', 'birth_year': None, 'death_year': None}]","['Love', 'Sex']","[""Banned Books from Anne Haight's list"", 'Erotic Fiction', 'Sociology']",['en'],False,Text,"{'text/html': 'https://www.gutenberg.org/ebooks/27827.html.images', 'text/html; charset=iso-8859-1': 'https://www.gutenberg.org/files/27827/27827-h/27827-h.htm', 'application/epub+zip': 'https://www.gutenberg.org/ebooks/27827.epub3.images', 'application/x-mobipocket-ebook': 'https://www.gutenberg.org/ebooks/27827.kf8.images', 'text/plain; charset=us-ascii': 'https://www.gutenberg.org/ebooks/27827.txt.utf-8', 'text/plain; charset=iso-8859-1': 'https://www.gutenberg.org/files/27827/27827-8.txt', 'application/rdf+xml': 'https://www.gutenberg.org/ebooks/27827.rdf', 'image/jpeg': 'https://www.gutenberg.org/cache/epub/27827/pg27827.cover.medium.jpg', 'application/octet-stream': 'https://www.gutenberg.org/cache/epub/27827/pg27827-h.zip'}",10837
1232,The Prince,"[{'name': 'Machiavelli, Niccolò', 'birth_year': 1469, 'death_year': 1527}]","[{'name': 'Marriott, W. K. (William Kenaz)', 'birth_year': None, 'death_year': 1927}]","['Political ethics -- Early works to 1800', 'Political science -- Philosophy -- Early works to 1800', 'State, The -- Early works to 1800']","[""Banned Books from Anne Haight's list"", 'Harvard Classics', 'Philosophy', 'Politics']",['en'],False,Text,"{'text/html': 'https://www.gutenberg.org/ebooks/1232.html.images', 'application/epub+zip': 'https://www.gutenberg.org/ebooks/1232.epub3.images', 'application/x-mobipocket-ebook': 'https://www.gutenberg.org/ebooks/1232.kf8.images', 'application/rdf+xml': 'https://www.gutenberg.org/ebooks/1232.rdf', 'image/jpeg': 'https://www.gutenberg.org/cache/epub/1232/pg1232.cover.medium.jpg', 'application/octet-stream': 'https://www.gutenberg.org/files/1232/1232-0.zip', 'text/plain; charset=us-ascii': 'https://www.gutenberg.org/ebooks/1232.txt.utf-8'}",10617
1184,The Count of Monte Cristo,"[{'name': 'Dumas, Alexandre', 'birth_year': 1802, 'death_year': 1870}, {'name': 'Maquet, Auguste', 'birth_year': 1813, 'death_year': 1888}]",[],"['Adventure stories', 'Dantès, Edmond (Fictitious character) -- Fiction', 'France -- History -- 19th century -- Fiction', 'Historical fiction', 'Pirates -- Fiction', 'Prisoners -- Fiction', 'Revenge -- Fiction']","['Adventure', 'Movie Books']",['en'],False,Text,"{'text/html': 'https://www.gutenberg.org/ebooks/1184.html.images', 'application/epub+zip': 'https://www.gutenberg.org/ebooks/1184.epub3.images', 'application/x-mobipocket-ebook': 'https://www.gutenberg.org/ebooks/1184.kf8.images', 'application/rdf+xml': 'https://www.gutenberg.org/ebooks/1184.rdf', 'image/jpeg': 'https://www.gutenberg.org/cache/epub/1184/pg1184.cover.medium.jpg', 'text/plain; charset=us-ascii': 'https://www.gutenberg.org/ebooks/1184.txt.utf-8', 'application/octet-stream': 'https://www.gutenberg.org/cache/epub/1184/pg1184-h.zip'}",10521
14859,Daddy Takes Us to the Garden: The Daddy Series for Little Folks,"[{'name': 'Garis, Howard Roger', 'birth_year': 1873, 'death_year': 1962}]",[],"['Fathers -- Juvenile fiction', 'Gardens -- Juvenile fiction']","[""Children's Book Series"", 'Horticulture']",['en'],False,Text,"{'text/html': 'https://www.gutenberg.org/ebooks/14859.html.images', 'text/html; charset=iso-8859-1': 'https://www.gutenberg.org/files/14859/14859-h/14859-h.htm', 'application/epub+zip': 'https://www.gutenberg.org/ebooks/14859.epub3.images', 'application/x-mobipocket-ebook': 'https://www.gutenberg.org/ebooks/14859.kf8.images', 'text/plain; charset=us-ascii': 'https://www.gutenberg.org/ebooks/14859.txt.utf-8', 'text/plain; charset=iso-8859-1': 'https://www.gutenberg.org/files/14859/14859-8.txt', 'application/rdf+xml': 'https://www.gutenberg.org/ebooks/14859.rdf', 'image/jpeg': 'https://www.gutenberg.org/cache/epub/14859/pg14859.cover.medium.jpg', 'application/octet-stream': 'https://www.gutenberg.org/cache/epub/14859/pg14859-h.zip'}",10424
1260,Jane Eyre: An Autobiography,"[{'name': 'Brontë, Charlotte', 'birth_year': 1816, 'death_year': 1855}]",[],"['Bildungsromans', 'Charity-schools -- Fiction', 'Country homes -- Fiction', 'England -- Fiction', 'Fathers and daughters -- Fiction', 'Governesses -- Fiction', 'Love stories', 'Married people -- Fiction', 'Mentally ill women -- Fiction', 'Orphans -- Fiction', 'Young women -- Fiction']",[],['en'],False,Text,"{'text/html': 'https://www.gutenberg.org/ebooks/1260.html.images', 'application/epub+zip': 'https://www.gutenberg.org/ebooks/1260.epub3.images', 'application/x-mobipocket-ebook': 'https://www.gutenberg.org/ebooks/1260.kf8.images', 'application/rdf+xml': 'https://www.gutenberg.org/ebooks/1260.rdf', 'image/jpeg': 'https://www.gutenberg.org/cache/epub/1260/pg1260.cover.medium.jpg', 'application/octet-stream': 'https://www.gutenberg.org/files/1260/1260-0.zip', 'text/plain; charset=us-ascii': 'https://www.gutenberg.org/ebooks/1260.txt.utf-8'}",10218
996,Don Quixote,"[{'name': 'Cervantes Saavedra, Miguel de', 'birth_year': 1547, 'death_year': 1616}]","[{'name': 'Ormsby, John', 'birth_year': 1829, 'death_year': 1895}]","['Knights and knighthood -- Spain -- Fiction', 'Picaresque literature', 'Romances', 'Spain -- Social life and customs -- 16th century -- Fiction']","['Best Books Ever Listings', 'Harvard Classics']",['en'],False,Text,"{'text/html': 'https://www.gutenberg.org/ebooks/996.html.images', 'application/epub+zip': 'https://www.gutenberg.org/ebooks/996.epub3.images', 'application/x-mobipocket-ebook': 'https://www.gutenberg.org/ebooks/996.kf8.images', 'application/rdf+xml': 'https://www.gutenberg.org/ebooks/996.rdf', 'image/jpeg': 'https://www.gutenberg.org/cache/epub/996/pg996.cover.medium.jpg', 'application/octet-stream': 'https://www.gutenberg.org/files/996/996-0.zip', 'text/plain; charset=us-ascii': 'https://www.gutenberg.org/ebooks/996.txt.utf-8'}",9804
1727,The Odyssey: Rendered into English prose for the use of those who cannot read the original,"[{'name': 'Homer', 'birth_year': -750, 'death_year': -650}]","[{'name': 'Butler, Samuel', 'birth_year': 1835, 'death_year': 1902}]","['Epic poetry, Greek -- Translations into English', 'Homer -- Translations into English', 'Odysseus, King of Ithaca (Mythological character)']","['Classical Antiquity', 'Harvard Classics']",['en'],False,Text,"{'text/html': 'https://www.gutenberg.org/ebooks/1727.html.images', 'application/epub+zip': 'https://www.gutenberg.org/ebooks/1727.epub3.images', 'application/x-mobipocket-ebook': 'https://www.gutenberg.org/ebooks/1727.kf8.images', 'application/rdf+xml': 'https://www.gutenberg.org/ebooks/1727.rdf', 'image/jpeg': 'https://www.gutenberg.org/cache/epub/1727/pg1727.cover.medium.jpg', 'text/plain; charset=us-ascii': 'https://www.gutenberg.org/ebooks/1727.txt.utf-8', 'application/octet-stream': 'https://www.gutenberg.org/cache/epub/1727/pg1727-h.zip'}",9799
219,Heart of Darkness,"[{'name': 'Conrad, Joseph', 'birth_year': 1857, 'death_year': 1924}]",[],"['Africa -- Fiction', 'Degeneration -- Fiction', 'Europeans -- Africa -- Fiction', 'Imperialism -- Fiction', 'Psychological fiction', 'Trading posts -- Fiction']","['Best Books Ever Listings', 'Movie Books']",['en'],False,Text,"{'text/html': 'https://www.gutenberg.org/ebooks/219.html.images', 'text/html; charset=utf-8': 'https://www.gutenberg.org/files/219/219-h/219-h.htm', 'application/epub+zip': 'https://www.gutenberg.org/ebooks/219.epub3.images', 'application/x-mobipocket-ebook': 'https://www.gutenberg.org/ebooks/219.kf8.images', 'text/plain; charset=utf-8': 'https://www.gutenberg.org/files/219/219-0.txt', 'application/rdf+xml': 'https://www.gutenberg.org/ebooks/219.rdf', 'image/jpeg': 'https://www.gutenberg.org/cache/epub/219/pg219.cover.medium.jpg', 'application/octet-stream': 'https://www.gutenberg.org/cache/epub/219/pg219-h.zip', 'text/plain; charset=us-ascii': 'https://www.gutenberg.org/ebooks/219.txt.utf-8'}",9740
45,Anne of Green Gables,"[{'name': 'Montgomery, L. M. (Lucy Maud)', 'birth_year': 1874, 'death_year': 1942}]",[],"['Bildungsromans', 'Canada -- History -- 1867-1914 -- Fiction', 'Country life -- Prince Edward Island -- Fiction', 'Friendship -- Fiction', 'Girls -- Fiction', 'Islands -- Fiction', 'Orphans -- Fiction', 'Prince Edward Island -- History -- 20th century -- Fiction', 'Shirley, Anne (Fictitious character) -- Fiction']","['Canada', ""Children's Literature""]",['en'],False,Text,"{'text/html': 'https://www.gutenberg.org/ebooks/45.html.images', 'application/epub+zip': 'https://www.gutenberg.org/ebooks/45.epub3.images', 'application/x-mobipocket-ebook': 'https://www.gutenberg.org/ebooks/45.kf8.images', 'application/rdf+xml': 'https://www.gutenberg.org/ebooks/45.rdf', 'image/jpeg': 'https://www.gutenberg.org/cache/epub/45/pg45.cover.medium.jpg', 'application/octet-stream': 'https://www.gutenberg.org/files/45/45-0.zip', 'text/plain; charset=us-ascii': 'https://www.gutenberg.org/ebooks/45.txt.utf-8'}",9737
10,The King James Version of the Bible,[],[],['Bible'],['Banned Books List from the American Library Association'],['en'],False,Text,"{'text/html': 'https://www.gutenberg.org/ebooks/10.html.images', 'application/epub+zip': 'https://www.gutenberg.org/ebooks/10.epub3.images', 'application/x-mobipocket-ebook': 'https://www.gutenberg.org/ebooks/10.kf8.images', 'application/rdf+xml': 'https://www.gutenberg.org/ebooks/10.rdf', 'image/jpeg': 'https://www.gutenberg.org/cache/epub/10/pg10.cover.medium.jpg', 'text/plain; charset=us-ascii': 'https://www.gutenberg.org/ebooks/10.txt.utf-8', 'application/octet-stream': 'https://www.gutenberg.org/cache/epub/10/pg10-h.zip'}",9562
74,"The Adventures of Tom Sawyer, Complete","[{'name': 'Twain, Mark', 'birth_year': 1835, 'death_year': 1910}]",[],"['Adventure stories', 'Bildungsromans', 'Boys -- Fiction', 'Child witnesses -- Fiction', 'Humorous stories', 'Male friendship -- Fiction', 'Mississippi River Valley -- Fiction', 'Missouri -- Fiction', 'Runaway children -- Fiction', 'Sawyer, Tom (Fictitious character) -- Fiction']","['Banned Books List from the American Library Association', ""Banned Books from Anne Haight's list""]",['en'],False,Text,"{'text/html': 'https://www.gutenberg.org/ebooks/74.html.images', 'application/epub+zip': 'https://www.gutenberg.org/ebooks/74.epub3.images', 'application/x-mobipocket-ebook': 'https://www.gutenberg.org/ebooks/74.kf8.images', 'application/rdf+xml': 'https://www.gutenberg.org/ebooks/74.rdf', 'image/jpeg': 'https://www.gutenberg.org/cache/epub/74/pg74.cover.medium.jpg', 'application/octet-stream': 'https://www.gutenberg.org/files/74/74-0.zip', 'text/plain; charset=us-ascii': 'https://www.gutenberg.org/ebooks/74.txt.utf-8'}",9290
2650,Du côté de chez Swann,"[{'name': 'Proust, Marcel', 'birth_year': 1871, 'death_year': 1922}]",[],"['Autobiographical fiction', 'France -- Social life and customs -- 19th century -- Fiction', 'Villages -- France -- Fiction']",['FR Littérature'],['fr'],False,Text,"{'text/html': 'https://www.gutenberg.org/ebooks/2650.html.images', 'text/html; charset=iso-8859-1': 'https://www.gutenberg.org/files/2650/2650-h/2650-h.htm', 'application/epub+zip': 'https://www.gutenberg.org/ebooks/2650.epub3.images', 'application/x-mobipocket-ebook': 'https://www.gutenberg.org/ebooks/2650.kf8.images', 'text/plain; charset=utf-8': 'https://www.gutenberg.org/files/2650/2650-0.txt', 'application/rdf+xml': 'https://www.gutenberg.org/ebooks/2650.rdf', 'image/jpeg': 'https://www.gutenberg.org/cache/epub/2650/pg2650.cover.medium.jpg', 'application/octet-stream': 'https://www.gutenberg.org/cache/epub/2650/pg2650-h.zip', 'text/plain; charset=us-ascii': 'https://www.gutenberg.org/ebooks/2650.txt.utf-8'}",9211
4363,Beyond Good and Evil,"[{'name': 'Nietzsche, Friedrich Wilhelm', 'birth_year': 1844, 'death_year': 1900}]","[{'name': 'Zimmern, Helen', 'birth_year': 1846, 'death_year': 1934}]","['Ethics', 'Philosophy, German']","['Atheism', 'Philosophy']",['en'],False,Text,"{'text/html': 'https://www.gutenberg.org/ebooks/4363.html.images', 'text/html; charset=us-ascii': 'https://www.gutenberg.org/files/4363/4363-h/4363-h.htm', 'application/epub+zip': 'https://www.gutenberg.org/ebooks/4363.epub3.images', 'application/x-mobipocket-ebook': 'https://www.gutenberg.org/ebooks/4363.kf8.images', 'application/rdf+xml': 'https://www.gutenberg.org/ebooks/4363.rdf', 'image/jpeg': 'https://www.gutenberg.org/cache/epub/4363/pg4363.cover.medium.jpg', 'application/octet-stream': 'https://www.gutenberg.org/cache/epub/4363/pg4363-h.zip', 'text/plain; charset=us-ascii': 'https://www.gutenberg.org/ebooks/4363.txt.utf-8'}",9209
768,Wuthering Heights,"[{'name': 'Brontë, Emily', 'birth_year': 1818, 'death_year': 1848}]",[],"['Domestic fiction', 'Foundlings -- Fiction', 'Heathcliff (Fictitious character : Brontë) -- Fiction', 'Love stories', 'Psychological fiction', 'Rejection (Psychology) -- Fiction', 'Revenge -- Fiction', 'Rural families -- Fiction', 'Triangles (Interpersonal relations) -- Fiction', 'Yorkshire (England) -- Fiction']","['Best Books Ever Listings', 'Gothic Fiction', 'Movie Books']",['en'],False,Text,"{'text/html': 'https://www.gutenberg.org/ebooks/768.html.images', 'application/epub+zip': 'https://www.gutenberg.org/ebooks/768.epub3.images', 'application/x-mobipocket-ebook': 'https://www.gutenberg.org/ebooks/768.kf8.images', 'application/rdf+xml': 'https://www.gutenberg.org/ebooks/768.rdf', 'image/jpeg': 'https://www.gutenberg.org/cache/epub/768/pg768.cover.medium.jpg', 'application/octet-stream': 'https://www.gutenberg.org/files/768/768-0.zip', 'text/plain; charset=us-ascii': 'https://www.gutenberg.org/ebooks/768.txt.utf-8'}",9085
31552,Novo dicionário da língua portuguesa,"[{'name': 'Figueiredo, Cândido de', 'birth_year': 1846, 'death_year': 1925}]",[],['Portuguese language -- Dictionaries'],[],['pt'],False,Text,"{'text/html': 'https://www.gutenberg.org/ebooks/31552.html.images', 'application/epub+zip': 'https://www.gutenberg.org/ebooks/31552.epub3.images', 'application/pdf': 'https://www.gutenberg.org/files/31552/31552-pdf.pdf', 'application/x-mobipocket-ebook': 'https://www.gutenberg.org/ebooks/31552.kf8.images', 'text/plain; charset=us-ascii': 'https://www.gutenberg.org/ebooks/31552.txt.utf-8', 'text/plain; charset=utf-8': 'https://www.gutenberg.org/files/31552/31552-0.txt', 'application/rdf+xml': 'https://www.gutenberg.org/ebooks/31552.rdf', 'image/jpeg': 'https://www.gutenberg.org/cache/epub/31552/pg31552.cover.medium.jpg', 'application/octet-stream': 'https://www.gutenberg.org/cache/epub/31552/pg31552-h.zip'}",9052
244,A Study in Scarlet,"[{'name': 'Doyle, Arthur Conan', 'birth_year': 1859, 'death_year': 1930}]",[],"['Detective and mystery stories', 'England -- Fiction', 'Holmes, Sherlock (Fictitious character) -- Fiction', 'Private investigators -- England -- Fiction']",['Detective Fiction'],['en'],False,Text,"{'text/html': 'https://www.gutenberg.org/ebooks/244.html.images', 'application/epub+zip': 'https://www.gutenberg.org/ebooks/244.epub3.images', 'application/x-mobipocket-ebook': 'https://www.gutenberg.org/ebooks/244.kf8.images', 'application/rdf+xml': 'https://www.gutenberg.org/ebooks/244.rdf', 'image/jpeg': 'https://www.gutenberg.org/cache/epub/244/pg244.cover.medium.jpg', 'application/octet-stream': 'https://www.gutenberg.org/files/244/244-0.zip', 'text/plain; charset=us-ascii': 'https://www.gutenberg.org/ebooks/244.txt.utf-8'}",8978
16,Peter Pan,"[{'name': 'Barrie, J. M. (James Matthew)', 'birth_year': 1860, 'death_year': 1937}]",[],"['Fairies -- Fiction', 'Fantasy literature', 'Never-Never Land (Imaginary place) -- Fiction', 'Peter Pan (Fictitious character) -- Fiction', 'Pirates -- Fiction']","[""Children's Literature"", 'Movie Books']",['en'],False,Text,"{'text/html': 'https://www.gutenberg.org/ebooks/16.html.images', 'text/html; charset=utf-8': 'https://www.gutenberg.org/files/16/16-h/16-h.htm', 'application/epub+zip': 'https://www.gutenberg.org/ebooks/16.epub3.images', 'application/x-mobipocket-ebook': 'https://www.gutenberg.org/ebooks/16.kf8.images', 'text/plain; charset=utf-8': 'https://www.gutenberg.org/files/16/16-0.txt', 'application/rdf+xml': 'https://www.gutenberg.org/ebooks/16.rdf', 'image/jpeg': 'https://www.gutenberg.org/cache/epub/16/pg16.cover.medium.jpg', 'application/octet-stream': 'https://www.gutenberg.org/cache/epub/16/pg16-h.zip', 'text/plain; charset=us-ascii': 'https://www.gutenberg.org/ebooks/16.txt.utf-8'}",8969
2680,Meditations,"[{'name': 'Marcus Aurelius, Emperor of Rome', 'birth_year': 121, 'death_year': 180}]",[],"['Ethics', 'Life', 'Stoics']",['Harvard Classics'],['en'],False,Text,"{'text/html': 'https://www.gutenberg.org/ebooks/2680.html.images', 'text/html; charset=us-ascii': 'https://www.gutenberg.org/files/2680/2680-h/2680-h.htm', 'application/epub+zip': 'https://www.gutenberg.org/ebooks/2680.epub3.images', 'application/x-mobipocket-ebook': 'https://www.gutenberg.org/ebooks/2680.kf8.images', 'text/plain; charset=utf-8': 'https://www.gutenberg.org/files/2680/2680-0.txt', 'application/rdf+xml': 'https://www.gutenberg.org/ebooks/2680.rdf', 'image/jpeg': 'https://www.gutenberg.org/cache/epub/2680/pg2680.cover.medium.jpg', 'application/octet-stream': 'https://www.gutenberg.org/cache/epub/2680/pg2680-h.zip', 'text/plain; charset=us-ascii': 'https://www.gutenberg.org/ebooks/2680.txt.utf-8'}",8924
1,The Declaration of Independence of the United States of America,"[{'name': 'Jefferson, Thomas', 'birth_year': 1743, 'death_year': 1826}]",[],"['United States -- History -- Revolution, 1775-1783 -- Sources', 'United States. Declaration of Independence']","['American Revolutionary War', 'Politics', 'United States Law']",['en'],False,Text,"{'text/html': 'https://www.gutenberg.org/ebooks/1.html.images', 'application/epub+zip': 'https://www.gutenberg.org/ebooks/1.epub3.images', 'application/x-mobipocket-ebook': 'https://www.gutenberg.org/ebooks/1.kf8.images', 'application/rdf+xml': 'https://www.gutenberg.org/ebooks/1.rdf', 'image/jpeg': 'https://www.gutenberg.org/cache/epub/1/pg1.cover.medium.jpg', 'application/octet-stream': 'https://www.gutenberg.org/cache/epub/1/pg1-h.zip', 'text/plain; charset=us-ascii': 'https://www.gutenberg.org/ebooks/1.txt.utf-8'}",8839
36034,"White Nights and Other Stories: The Novels of Fyodor Dostoevsky, Volume X","[{'name': 'Dostoyevsky, Fyodor', 'birth_year': 1821, 'death_year': 1881}]","[{'name': 'Garnett, Constance', 'birth_year': 1861, 'death_year': 1946}]","['Dostoyevsky, Fyodor, 1821-1881 -- Translations into English', 'Russian fiction -- Translations into English']",[],['en'],False,Text,"{'text/html': 'https://www.gutenberg.org/ebooks/36034.html.images', 'text/html; charset=iso-8859-1': 'https://www.gutenberg.org/files/36034/36034-h/36034-h.htm', 'application/epub+zip': 'https://www.gutenberg.org/ebooks/36034.epub3.images', 'application/x-mobipocket-ebook': 'https://www.gutenberg.org/ebooks/36034.kf8.images', 'text/plain; charset=iso-8859-1': 'https://www.gutenberg.org/files/36034/36034-8.txt', 'application/rdf+xml': 'https://www.gutenberg.org/ebooks/36034.rdf', 'image/jpeg': 'https://www.gutenberg.org/cache/epub/36034/pg36034.cover.medium.jpg', 'text/plain; charset=us-ascii': 'https://www.gutenberg.org/ebooks/36034.txt.utf-8', 'application/octet-stream': 'https://www.gutenberg.org/cache/epub/36034/pg36034-h.zip'}",8720
8800,The divine comedy,"[{'name': 'Dante Alighieri', 'birth_year': 1265, 'death_year': 1321}]","[{'name': 'Cary, Henry Francis', 'birth_year': 1772, 'death_year': 1844}]","['Epic poetry, Italian -- Translations into English', 'Italian poetry -- To 1400 -- Translations into English']","['Best Books Ever Listings', 'Italy']",['en'],False,Text,"{'text/html': 'https://www.gutenberg.org/ebooks/8800.html.images', 'application/epub+zip': 'https://www.gutenberg.org/ebooks/8800.epub3.images', 'application/x-mobipocket-ebook': 'https://www.gutenberg.org/ebooks/8800.kf8.images', 'application/rdf+xml': 'https://www.gutenberg.org/ebooks/8800.rdf', 'image/jpeg': 'https://www.gutenberg.org/cache/epub/8800/pg8800.cover.medium.jpg', 'application/octet-stream': 'https://www.gutenberg.org/files/8800/8800-0.zip', 'text/plain; charset=us-ascii': 'https://www.gutenberg.org/ebooks/8800.txt.utf-8'}",8340
8492,The King in Yellow,"[{'name': 'Chambers, Robert W. (Robert William)', 'birth_year': 1865, 'death_year': 1933}]",[],"['Horror tales, American', 'Short stories, American', 'United States -- Social life and customs -- 19th century -- Fiction']",['Horror'],['en'],False,Text,"{'text/html': 'https://www.gutenberg.org/ebooks/8492.html.images', 'text/html; charset=iso-8859-1': 'https://www.gutenberg.org/files/8492/8492-h/8492-h.htm', 'application/epub+zip': 'https://www.gutenberg.org/ebooks/8492.epub3.images', 'application/x-mobipocket-ebook': 'https://www.gutenberg.org/ebooks/8492.kf8.images', 'text/plain; charset=iso-8859-1': 'https://www.gutenberg.org/files/8492/8492-8.txt', 'application/rdf+xml': 'https://www.gutenberg.org/ebooks/8492.rdf', 'image/jpeg': 'https://www.gutenberg.org/cache/epub/8492/pg8492.cover.medium.jpg', 'application/octet-stream': 'https://www.gutenberg.org/cache/epub/8492/pg8492-h.zip', 'text/plain; charset=us-ascii': 'https://www.gutenberg.org/ebooks/8492.txt.utf-8'}",8229
514,Little Women,"[{'name': 'Alcott, Louisa May', 'birth_year': 1832, 'death_year': 1888}]",[],"['Autobiographical fiction', 'Bildungsromans', 'Domestic fiction', 'Family life -- New England -- Fiction', 'March family (Fictitious characters) -- Fiction', 'Mothers and daughters -- Fiction', 'New England -- Fiction', 'Sisters -- Fiction', 'Young women -- Fiction']","[""Children's Literature""]",['en'],False,Text,"{'text/html': 'https://www.gutenberg.org/ebooks/514.html.images', 'application/epub+zip': 'https://www.gutenberg.org/ebooks/514.epub3.images', 'application/x-mobipocket-ebook': 'https://www.gutenberg.org/ebooks/514.kf8.images', 'application/rdf+xml': 'https://www.gutenberg.org/ebooks/514.rdf', 'image/jpeg': 'https://www.gutenberg.org/cache/epub/514/pg514.cover.medium.jpg', 'application/octet-stream': 'https://www.gutenberg.org/files/514/514-0.zip', 'text/plain; charset=us-ascii': 'https://www.gutenberg.org/ebooks/514.txt.utf-8'}",8100
